https://mmbiz.qpic.cn/sz_mmbiz_png/9v5mpBibQrkialLf3XiaFAZefiazc29Mw6NWG3LvjPpR3I739ts9D4gGrbAntYpjtzKAHanfQrZkibciazDGsh8kpSwg/640?wx_fmt=png&from=appmsg&quot;	images/img_001.png
https://mmbiz.qpic.cn/sz_mmbiz_png/9v5mpBibQrkialLf3XiaFAZefiazc29Mw6NWFITpib1QRJ2g0Nerd9T8nmoItdhaKzCicu0D1E7aNYwSzQk1ZeXvqD4A/640?wx_fmt=png&from=appmsg	images/img_002.png
https://mmbiz.qpic.cn/sz_mmbiz_png/9v5mpBibQrkialLf3XiaFAZefiazc29Mw6NWhLbglLicrNicXqTEfzOcGCxFaVb2cicjDm0D15CTgYIbc4NibkdyEBz5hg/640?wx_fmt=png&from=appmsg	images/img_003.png
https://mmbiz.qpic.cn/sz_mmbiz_jpg/9v5mpBibQrkialLf3XiaFAZefiazc29Mw6NW9iawCTvcyn9Pia0tkxfRcbib5UEhSpJeHbyqBeT9EOdTa2GU4pItjFMcw/640?wx_fmt=jpeg&from=appmsg	images/img_004.jpg
https://mmbiz.qpic.cn/sz_mmbiz_png/9v5mpBibQrkialLf3XiaFAZefiazc29Mw6NWWxDAxXFXCSZ9bB83Nv3Lap4x3oiaSxjUibLFZiaTmbpPO8sa674zdfNJw/640?wx_fmt=png&from=appmsg	images/img_005.png
https://mmbiz.qpic.cn/sz_mmbiz_png/9v5mpBibQrkialLf3XiaFAZefiazc29Mw6NWibRDBnicTe0VmjOTfCOZ2ovAPtbeeQiakjcwAqBRG9JHrYdxGhdL1Iq6g/640?wx_fmt=png&from=appmsg	images/img_006.png
https://mmbiz.qpic.cn/sz_mmbiz_png/9v5mpBibQrkialLf3XiaFAZefiazc29Mw6NWXt0GAwTxGOrZWib0etkmqEy5uoLA1uvV3licFibyxtic4jSA3PwlQStIEg/640?wx_fmt=png&from=appmsg	images/img_007.png
https://mmbiz.qpic.cn/sz_mmbiz_png/9v5mpBibQrkialLf3XiaFAZefiazc29Mw6NWic20BIiaeexmDj5NtENa0bs67icMzjKfuEGB9sibLqNkLZUoibKxicibvwwAw/640?wx_fmt=png&from=appmsg	images/img_008.png
http://mmbiz.qpic.cn/sz_mmbiz_png/9v5mpBibQrkhJp0pTftnc0E9lTXcbY3GHC9A5PSqCQvibvRvjhcbPkicBpwwSibnHibGibKwEND8fp24dtlSgF83LWNA/0?wx_fmt=png	images/img_009.png
https://mmbiz.qpic.cn/sz_mmbiz_png/9v5mpBibQrkialLf3XiaFAZefiazc29Mw6NWG3LvjPpR3I739ts9D4gGrbAntYpjtzKAHanfQrZkibciazDGsh8kpSwg/640?wx_fmt=png\x26amp;amp;from=appmsg	images/img_010.png
https://mmbiz.qpic.cn/sz_mmbiz_jpg/9v5mpBibQrkialLf3XiaFAZefiazc29Mw6NW254MeibZjWBtPHEqcjrFSo5nUk8LF9J4hraRbsnF5SfX3D0x62J8Wzw/0?wx_fmt=jpeg	images/img_011.jpg
https://mmbiz.qpic.cn/sz_mmbiz_jpg/9v5mpBibQrkialLf3XiaFAZefiazc29Mw6NWesxLF3wpPAdnzEzDLXZyHUDrMQibJhDCv1cwic0zePm82eUuKs0o600w/0?wx_fmt=jpeg	images/img_012.jpg
