https://mmbiz.qpic.cn/sz_mmbiz_png/9v5mpBibQrkhx6sMH56dhGQ4ibiciciaGVW14UibLL7AYUoTV5buPoMdrY6j9URXAwgYDJFdSNac2gn25gxqVHR7LBBg/640?wx_fmt=png&from=appmsg&quot;	images/img_001.png
https://mmbiz.qpic.cn/sz_mmbiz_png/9v5mpBibQrkhx6sMH56dhGQ4ibiciciaGVW14YzzVaKlgHkU8sWncCx2rmEZbzHACgTBFMmbELuEm6W9RazF6iczx45g/640?wx_fmt=png&from=appmsg&quot;	images/img_002.png
https://mmbiz.qpic.cn/sz_mmbiz_png/9v5mpBibQrkhx6sMH56dhGQ4ibiciciaGVW14juDibdl8JI1pPuWkJqO12Lia5aqSzaYmRWT43xVmzdDIxrsAxPRSjomQ/640?wx_fmt=png&from=appmsg	images/img_003.png
https://mmbiz.qpic.cn/sz_mmbiz_png/9v5mpBibQrkhx6sMH56dhGQ4ibiciciaGVW14NYus3eI7xbckCh4anial9pIRbicAe5pG3q3syoBwx8nFaDscAZVgF3nQ/640?wx_fmt=png&from=appmsg	images/img_004.png
https://mmbiz.qpic.cn/sz_mmbiz_png/9v5mpBibQrkhx6sMH56dhGQ4ibiciciaGVW14lsibhBqlrruIFgicic5GpKQxfIAEVtfTgdBNw6tU1yeMwic2OxWLiaXwbLQ/640?wx_fmt=png&from=appmsg	images/img_005.png
https://mmbiz.qpic.cn/sz_mmbiz_png/9v5mpBibQrkhx6sMH56dhGQ4ibiciciaGVW14eAB4bqkaFvmuNHSwxYTianuaX3iciavFbIT2fLvRZ7IGBofvLVX3niactg/640?wx_fmt=png&from=appmsg	images/img_006.png
http://mmbiz.qpic.cn/sz_mmbiz_png/9v5mpBibQrkhJp0pTftnc0E9lTXcbY3GHC9A5PSqCQvibvRvjhcbPkicBpwwSibnHibGibKwEND8fp24dtlSgF83LWNA/0?wx_fmt=png	images/img_007.png
https://mmbiz.qpic.cn/sz_mmbiz_png/9v5mpBibQrkhx6sMH56dhGQ4ibiciciaGVW14UibLL7AYUoTV5buPoMdrY6j9URXAwgYDJFdSNac2gn25gxqVHR7LBBg/640?wx_fmt=png\x26amp;amp;from=appmsg	images/img_008.png
https://mmbiz.qpic.cn/sz_mmbiz_png/9v5mpBibQrkhx6sMH56dhGQ4ibiciciaGVW14YzzVaKlgHkU8sWncCx2rmEZbzHACgTBFMmbELuEm6W9RazF6iczx45g/640?wx_fmt=png\x26amp;amp;from=appmsg	images/img_009.png
https://mmbiz.qpic.cn/sz_mmbiz_jpg/9v5mpBibQrkhx6sMH56dhGQ4ibiciciaGVW14gd3zyXQ0SIKeDd59fAG3dDxDXa3Kf4kpSJYwVzmuY6zsoic2ASbibzEw/0?wx_fmt=jpeg	images/img_010.jpg
https://mmbiz.qpic.cn/sz_mmbiz_jpg/9v5mpBibQrkhx6sMH56dhGQ4ibiciciaGVW14Lz1caVVshpaKwlDsjic7B6vic0pj9H9pEVdlfuVkRn6GbQnTOOOWezFw/0?wx_fmt=jpeg	images/img_011.jpg
