https://mmbiz.qpic.cn/sz_mmbiz_jpg/9v5mpBibQrkiaIBUupAlSDp29vPwnbUxBwvddaSicc0tESdMBU2ZVB7pIHBTUM0nY81ZgFOz8aibjqZ8cS0b05qibxw/640?wx_fmt=jpeg&from=appmsg#imgIndex=0	images/img_001.jpg
https://mmbiz.qpic.cn/sz_mmbiz_jpg/9v5mpBibQrkiaIBUupAlSDp29vPwnbUxBwmxqZPmuNv4TnMYZ4hpz294YRG57EtpOgI2SRLEY3jBkicFFE7ZthdSw/640?wx_fmt=jpeg&from=appmsg#imgIndex=1	images/img_002.jpg
https://mmbiz.qpic.cn/sz_mmbiz_png/9v5mpBibQrkiaIBUupAlSDp29vPwnbUxBwyicb5IG9UOk1AEZkpTgCKgLPzxGdR9SMwY7KgVIsQlwUYgnr1VuNZWQ/640?wx_fmt=png&from=appmsg&quot;	images/img_003.png
https://mmbiz.qpic.cn/sz_mmbiz_png/9v5mpBibQrkiaIBUupAlSDp29vPwnbUxBweqUImum3AQNne7h3RZ57LTLNRwbYc0QIRtibVGKGtbiagaIYIyQAHmKQ/640?wx_fmt=png&from=appmsg#imgIndex=2	images/img_004.png
https://mmbiz.qpic.cn/sz_mmbiz_png/9v5mpBibQrkiaIBUupAlSDp29vPwnbUxBw6IiaY4HKSZbP9jgpy6ZM4MVKxGTVD2vxtgGb7c4Q4X1IjxS44ibnfZdw/640?wx_fmt=png&from=appmsg#imgIndex=3	images/img_005.png
https://mmbiz.qpic.cn/sz_mmbiz_png/9v5mpBibQrkiaIBUupAlSDp29vPwnbUxBwtvx2EQBuOb9AUWwVEpibQicglg9OumkTy0HXvx2uqe4EtEebjWhAMZGw/640?wx_fmt=png&from=appmsg#imgIndex=4	images/img_006.png
https://mmbiz.qpic.cn/sz_mmbiz_png/9v5mpBibQrkiaIBUupAlSDp29vPwnbUxBwrQ5xAaZkqbB6l2avvflzSrtZnrLiclxt47Ncf1xN6ian6YYfWjibNIRlg/640?wx_fmt=png&from=appmsg&quot;	images/img_007.png
https://mmbiz.qpic.cn/sz_mmbiz_png/9v5mpBibQrkiaIBUupAlSDp29vPwnbUxBw7fFibzGh8f3CIZzGtrCJISMyB3uCI06aQJfdHt3Gu3aGaTe2xVB7Jyw/640?wx_fmt=png&from=appmsg#imgIndex=5	images/img_008.png
https://mmbiz.qpic.cn/sz_mmbiz_png/9v5mpBibQrkiaIBUupAlSDp29vPwnbUxBwATLQjH18Zke5QrOzibHCibWxEVicuNmpMNVXIaPr0GB0ylZXm0ROZDcVg/640?wx_fmt=png&from=appmsg#imgIndex=6	images/img_009.png
https://mmbiz.qpic.cn/sz_mmbiz_png/9v5mpBibQrkiaIBUupAlSDp29vPwnbUxBwqYkrEVxUMYOjNFpYssNVMytIdAw5iboR4GFCkQrk2xQU3DPZKnCjVdA/640?wx_fmt=png&from=appmsg#imgIndex=7	images/img_010.png
https://mmbiz.qpic.cn/sz_mmbiz_png/9v5mpBibQrkiaIBUupAlSDp29vPwnbUxBw9VEEaiavgUZCvUqWf8ibXtiaGo85Iwv1A3RIqQa3fw4qRw4bTHpiayv0qw/640?wx_fmt=png&from=appmsg#imgIndex=8	images/img_011.png
https://mmbiz.qpic.cn/sz_mmbiz_png/9v5mpBibQrkiaIBUupAlSDp29vPwnbUxBwyqNa4zL4UMzIznjukdRq6kNByic38Uwkqpiat007VBHHcXuzwerg9DEg/640?wx_fmt=png&from=appmsg#imgIndex=9	images/img_012.png
https://mmbiz.qpic.cn/sz_mmbiz_png/9v5mpBibQrkiaIBUupAlSDp29vPwnbUxBw7fFibzGh8f3CIZzGtrCJISMyB3uCI06aQJfdHt3Gu3aGaTe2xVB7Jyw/640?wx_fmt=png&from=appmsg#imgIndex=10	images/img_013.png
https://mmbiz.qpic.cn/sz_mmbiz_png/9v5mpBibQrkiaIBUupAlSDp29vPwnbUxBwLWZIzsZpReputX6KpP5UFibw0AWWIk5UGKVrgvj829Nde07YRJ8yLzQ/640?wx_fmt=png&from=appmsg&quot;	images/img_014.png
https://mmbiz.qpic.cn/sz_mmbiz_png/9v5mpBibQrkiaIBUupAlSDp29vPwnbUxBwm6qo36wiahYSgFNnv76ClmMPYYZwBmlZqOYfGEraBN7eueNoJ7QK3pg/640?wx_fmt=png&from=appmsg#imgIndex=11	images/img_015.png
https://mmbiz.qpic.cn/sz_mmbiz_png/9v5mpBibQrkiaIBUupAlSDp29vPwnbUxBwgwbGnCmLp35SRNLhPrIoI0iawmJFr1l74JwROFZcsTFibo3Rrx42ibQhg/640?wx_fmt=png&from=appmsg#imgIndex=12	images/img_016.png
https://mmbiz.qpic.cn/sz_mmbiz_png/9v5mpBibQrkiaIBUupAlSDp29vPwnbUxBwibl8BkXluOD5PLwPwwe02TSQBOmcGMU5NrovLFnJx00y63ZTbD7EqrA/640?wx_fmt=png&from=appmsg#imgIndex=13	images/img_017.png
https://mmbiz.qpic.cn/sz_mmbiz_jpg/9v5mpBibQrkiaIBUupAlSDp29vPwnbUxBwmxqZPmuNv4TnMYZ4hpz294YRG57EtpOgI2SRLEY3jBkicFFE7ZthdSw/640?wx_fmt=jpeg&from=appmsg#imgIndex=14	images/img_018.jpg
https://mmbiz.qpic.cn/sz_mmbiz_png/9v5mpBibQrkiaIBUupAlSDp29vPwnbUxBwEmeibT8zKWvLPUckt8JpHzpyDkhRa6rFdzOSpzacAOWOCTsMRFFmV3A/640?wx_fmt=png&from=appmsg#imgIndex=15	images/img_019.png
https://mmbiz.qpic.cn/sz_mmbiz_png/9v5mpBibQrkiaIBUupAlSDp29vPwnbUxBwyicb5IG9UOk1AEZkpTgCKgLPzxGdR9SMwY7KgVIsQlwUYgnr1VuNZWQ/640?wx_fmt=png\x26amp;amp;from=appmsg	images/img_020.png
https://mmbiz.qpic.cn/sz_mmbiz_png/9v5mpBibQrkiaIBUupAlSDp29vPwnbUxBwrQ5xAaZkqbB6l2avvflzSrtZnrLiclxt47Ncf1xN6ian6YYfWjibNIRlg/640?wx_fmt=png\x26amp;amp;from=appmsg	images/img_021.png
https://mmbiz.qpic.cn/sz_mmbiz_png/9v5mpBibQrkiaIBUupAlSDp29vPwnbUxBwLWZIzsZpReputX6KpP5UFibw0AWWIk5UGKVrgvj829Nde07YRJ8yLzQ/640?wx_fmt=png\x26amp;amp;from=appmsg	images/img_022.png
http://mmbiz.qpic.cn/sz_mmbiz_png/9v5mpBibQrkhJp0pTftnc0E9lTXcbY3GHC9A5PSqCQvibvRvjhcbPkicBpwwSibnHibGibKwEND8fp24dtlSgF83LWNA/0?wx_fmt=png	images/img_023.png
https://mmbiz.qpic.cn/sz_mmbiz_jpg/9v5mpBibQrkiaIBUupAlSDp29vPwnbUxBwucIz5bWKjHBWTAicWVOROyfjibIEyrU8G5QwryCPM7j1WopxpASoYD8A/0?wx_fmt=jpeg	images/img_024.jpg
https://mmbiz.qpic.cn/sz_mmbiz_jpg/9v5mpBibQrkiaIBUupAlSDp29vPwnbUxBwoSpIpMtMT8T9v4zpXLfkvtXv05KovC7rT1tqrNavUTv2kjNFDrqMdQ/0?wx_fmt=jpeg	images/img_025.jpg
http://mmbiz.qpic.cn/sz_mmbiz_png/9v5mpBibQrkiaIBUupAlSDp29vPwnbUxBwV8ks4YMT7GUb8XDhosr9rIjjiaAkQf8f4uB48RAr4pxPGxgdLAfV5yg/0?wx_fmt=png	images/img_026.png
