https://mmbiz.qpic.cn/sz_mmbiz_png/9v5mpBibQrkiaKuJkHZic4SyibDicwhuOLDShEr04xgaeXEyJqxIkbuXibtrd5alZ90uTqbMhZibniczp7DI3pXPlfiatrA/640?wx_fmt=png&from=appmsg	images/img_001.png
https://mmbiz.qpic.cn/sz_mmbiz_png/9v5mpBibQrkiaKuJkHZic4SyibDicwhuOLDShRJIkWdyARlVVr96l9ia3c3tV7pAW9chcFdv5icbyWs3QCzG4TeypBmFQ/640?wx_fmt=png&from=appmsg&quot;	images/img_002.png
https://mmbiz.qpic.cn/sz_mmbiz_jpg/9v5mpBibQrkiaKuJkHZic4SyibDicwhuOLDShq6Q2wImm08nrBPia4n89NjXZF3Fff95HxZst08LlDZD5nxkDkiaVrcZg/640?wx_fmt=jpeg&from=appmsg	images/img_003.jpg
https://mmbiz.qpic.cn/sz_mmbiz_png/9v5mpBibQrkiaKuJkHZic4SyibDicwhuOLDSh1VhfTRgrrR8iczeMlMoP7eiboib5eh9TniciagGaw0MMzCG0CQqnICsYZEA/640?wx_fmt=png&from=appmsg&quot;	images/img_004.png
https://mmbiz.qpic.cn/sz_mmbiz_jpg/9v5mpBibQrkiaKuJkHZic4SyibDicwhuOLDShEmuS3yxAibx3u8akDDTBibJ5BNiajG5Wg5qHjLB0GAMKd3jSEtbNhY6nw/640?wx_fmt=jpeg&from=appmsg	images/img_005.jpg
https://mmbiz.qpic.cn/sz_mmbiz_png/9v5mpBibQrkiaKuJkHZic4SyibDicwhuOLDSh3m2aW5reEBpsHvzHefVKz9kyGGZ8icLrRveCInCb7qUJib4PD1YGVaCg/640?wx_fmt=png&from=appmsg	images/img_006.png
https://mmbiz.qpic.cn/sz_mmbiz_jpg/9v5mpBibQrkiaKuJkHZic4SyibDicwhuOLDSh6SFcraH69IXDdNnYuG5CVIYBFKaqWYtaSyJzvRs1WcQoJr6ygjcsTg/640?wx_fmt=jpeg&from=appmsg	images/img_007.jpg
https://mmbiz.qpic.cn/sz_mmbiz_png/9v5mpBibQrkiaKuJkHZic4SyibDicwhuOLDSh2lpRqB0KUiaNB6WC3QJ9wXJaia0rkXicpsawFbPibicoibphLp8B1q1RnyZQ/640?wx_fmt=png&from=appmsg	images/img_008.png
https://mmbiz.qpic.cn/sz_mmbiz_png/9v5mpBibQrkiaKuJkHZic4SyibDicwhuOLDShe2fuhCHFJzQYdUJvwNl1o1aZX00pqDUkK2sHlzEhfH5nqtad4YGib2Q/640?wx_fmt=png&from=appmsg	images/img_009.png
https://mmbiz.qpic.cn/sz_mmbiz_png/9v5mpBibQrkiaKuJkHZic4SyibDicwhuOLDShSjqQOyHoT4iaK248fcc9nT6kfkWYbOJf4rCwiaUDUl8Yic0CMcISciaTGA/640?wx_fmt=png&from=appmsg	images/img_010.png
https://mmbiz.qpic.cn/sz_mmbiz_png/9v5mpBibQrkiaKuJkHZic4SyibDicwhuOLDShcjmuG7nXLshqMWsibgvcTvPEyeX22bHQCqVBNcuoETnGYBaMfuFT3XA/640?wx_fmt=png&from=appmsg	images/img_011.png
https://mmbiz.qpic.cn/sz_mmbiz_png/9v5mpBibQrkiaKuJkHZic4SyibDicwhuOLDSh1zNqricK9dLL0ZcrV0soO4eGewODwxk783aXRaAbkibbbUSxzltGK7mw/640?wx_fmt=png&from=appmsg	images/img_012.png
https://mmbiz.qpic.cn/sz_mmbiz_png/9v5mpBibQrkiaKuJkHZic4SyibDicwhuOLDShN3lzYh2fYN3ADkMIuBib6Iib8CueMtUaK1CZ2FErhL2VJh9UgZtUTuDw/640?wx_fmt=png&from=appmsg	images/img_013.png
https://mmbiz.qpic.cn/sz_mmbiz_png/9v5mpBibQrkiaKuJkHZic4SyibDicwhuOLDShURKHF1jxrp7HQtfqicGcMk2P45wEqRdQBCDD2IToFPmdupXiakXzGEeA/640?wx_fmt=png&from=appmsg	images/img_014.png
https://mmbiz.qpic.cn/sz_mmbiz_png/9v5mpBibQrkiaKuJkHZic4SyibDicwhuOLDShqGaLlfJFwDqPRJMwZJkXUgFlgHdd270Tm1C5rOQRK5pK1CnxMDOyyQ/640?wx_fmt=png&from=appmsg	images/img_015.png
https://mmbiz.qpic.cn/sz_mmbiz_png/9v5mpBibQrkiaKuJkHZic4SyibDicwhuOLDShEcnclgsdm6DSA4nicPoxeA9iaWOQibBpcicOkwuCMdvKwTvRCicWZY7BibtA/640?wx_fmt=png&from=appmsg	images/img_016.png
https://mmbiz.qpic.cn/sz_mmbiz_png/9v5mpBibQrkiaKuJkHZic4SyibDicwhuOLDShyxiaUoayM51KBPvRRPjOqUDibUfDk3DHGDRfAWpXSrzpc7HEgE6qxhYA/640?wx_fmt=png&from=appmsg	images/img_017.png
https://mmbiz.qpic.cn/sz_mmbiz_png/9v5mpBibQrkiaKuJkHZic4SyibDicwhuOLDShpSFCibIaobxL0lrslHicXfTXZPQu8SdpTEH1mOhQmSJzbibdbPVrMCoQw/640?wx_fmt=png&from=appmsg	images/img_018.png
http://mmbiz.qpic.cn/sz_mmbiz_png/9v5mpBibQrkhJp0pTftnc0E9lTXcbY3GHC9A5PSqCQvibvRvjhcbPkicBpwwSibnHibGibKwEND8fp24dtlSgF83LWNA/0?wx_fmt=png	images/img_019.png
