https://mmbiz.qpic.cn/sz_mmbiz_png/llFnu58nOPawRtdHeZSz31WQDPPWUgyfMHoJ2Nl2RLr4gzc3ZT3RN7Su8HkwOiaHrlDd6ALvLiagAj0UhTIG1sPuLjYkM4B6aicwXHFkdh0JZs/640?wx_fmt=png&from=appmsg&quot;	images/img_001.png
https://mmbiz.qpic.cn/mmbiz_png/llFnu58nOPYLcC9hjDxdibAGibOk24jcok1FxRAZDkosJtHK4TCk8BeOvjiaR3U3QKVdRHVe5aGpojEPJBOb3GboPLAL73MhCXuaxOUGPDRlyQ/640?wx_fmt=png&from=appmsg	images/img_002.png
https://mmbiz.qpic.cn/mmbiz_png/llFnu58nOPafBibcITT9n76zZVDF9gYvbeIRDDgSQNtqMurRhMiaJQic7QUVaptOGIf1ia3y0N3QdicjPLBcz0iaFH9MzEhAoexLOMky9KIUhwpbk/640?wx_fmt=png&from=appmsg&quot;	images/img_003.png
https://mmbiz.qpic.cn/sz_mmbiz_png/llFnu58nOPYEpM09xMjSyqjlJhel95BQYsxHvGPCzic9JQwKkuQSywtnUMbmOIIvsfibZxZ8EicgB8OsCGtaWUp96mqVq71vN0PnNtrSfJPFc8/640?wx_fmt=png&from=appmsg	images/img_004.png
https://mmbiz.qpic.cn/mmbiz_png/llFnu58nOPbeBjibGldsTXica7X2FTpBibaJdxuNibqKC8ngicAu1LpUeSBAjf6PryFeYa71oII4Qdia4hCuQ1qHrhYMhfn42PKz26w0E9gExhcIE/640?wx_fmt=png&from=appmsg	images/img_005.png
https://mmbiz.qpic.cn/sz_mmbiz_png/llFnu58nOPbrYzXicdkGrhNy1S4WVg7rSSnv2ticpzXIoXzSrs2SM6ZPTL5c7nWibIIHUqTbKLngmt0rS8X4R99kPV5VGevOMWzAUKqv9EvPKU/640?wx_fmt=png&from=appmsg	images/img_006.png
https://mmbiz.qpic.cn/mmbiz_png/llFnu58nOPZTSJpCyJXiauCSDNESic2krT8EWCcXCZHVADyiabkR6ICpf4LPq89D4go1EUgXofnxz1JyjPYdiaiblK6e544ytG2sOic9YCV99q8Qo/640?wx_fmt=png&from=appmsg&quot;	images/img_007.png
https://mmbiz.qpic.cn/mmbiz_png/llFnu58nOPYmv21PPJYu0ayUfNyvLsb3aHLLiauCpncYsj2MRc1C8fpicde7O17X7jBtsL5kLbDQP4LvyD5aRI8icPiaNtOrJ3FibSHHJnYz0X34/640?wx_fmt=png&from=appmsg	images/img_008.png
https://mmbiz.qpic.cn/mmbiz_png/llFnu58nOPYhg5KpB3GOUWnrMykkyPn3XporClZicdZNGb12kg0xLia5A3xRHEnU7eL7icibibZqRnbAhZibNl0KUkkfgDpWV6KRtW2tBLic5FtAic0/640?wx_fmt=png&from=appmsg	images/img_009.png
https://mmbiz.qpic.cn/sz_mmbiz_png/llFnu58nOPanzuwgciby2ncibN6V5DrJIJYhtKia8sg3ibKI4hopkan1oicsV5ew2QP40fzrVxibU7dYoOW9BJibZYuxXFQLUNH7RTzp92rzbp1lgo/640?wx_fmt=png&from=appmsg&quot;	images/img_010.png
https://mmbiz.qpic.cn/mmbiz_png/llFnu58nOPZaMUCGZXYlsiaGHUxq5MVjXvq72tDhVJV0r0QpiaxSKrAU5K7o2XCy7VRntjKbY1QWjAJKIe98erAAHDHoC9sdOffWd5LnvrX1Q/640?wx_fmt=png&from=appmsg	images/img_011.png
https://mmbiz.qpic.cn/sz_mmbiz_png/llFnu58nOPZicEsf5qibYCa4wU5Q3O3JlGMW0AOaOiaF684PgzMwBb72jAicD53MhU6YN8JDWLMQekBjoOA7jMvsEBwBQb1ZfLQe1g1ZndKgNaw/640?wx_fmt=png&from=appmsg	images/img_012.png
https://mmbiz.qpic.cn/sz_mmbiz_png/llFnu58nOPbFWqz4pSOPn1oQ4Lkfv4B63AibObdeLeLv297K6kWoA6icW9u6dcNXKg7gHciaQSps1tatTyibD27XRagCG1PF7C9PicKuibpxkKpvA/640?wx_fmt=png&from=appmsg&quot;	images/img_013.png
https://mmbiz.qpic.cn/mmbiz_png/llFnu58nOPYHC4SvPg5icoCC6XT2OysgHZkbicqH5YN6fnzvicrmIk8IpG2OjFrORrU0Tm3NhJunlSz5F1sD2Joia4hPJicSXL2qtAg8EHIESicmQ/640?wx_fmt=png&from=appmsg	images/img_014.png
https://mmbiz.qpic.cn/sz_mmbiz_png/llFnu58nOPYKkhZicaM8hSHCEDg6KTh9vhpZ3lzKaTLgHd4AfICOZIzicjyXZHVXicxBzmTgkDibnteibzNOqFNAFvL4ibmISZ8WmPe8h9KlfOUDA/640?wx_fmt=png&from=appmsg	images/img_015.png
https://mmbiz.qpic.cn/mmbiz_png/llFnu58nOPaJphgXWsLeFlXtian44x7WAYUsCeuQKpA0mx5icS6Hoic5nwzq3VMWSLtzzVU0W57HlpMNc36un56rqlzXNzibQ92LcmEQuiaiaJf8o/640?wx_fmt=png&from=appmsg&quot;	images/img_016.png
https://mmbiz.qpic.cn/mmbiz_png/llFnu58nOPY1iaLibzSHuYzJicwPHFVcpd1WM9NBVLwPBeN1s6ZsGqpafEibew7z5DwBpenUWvorKYicBIw7IjeFj0yFKk8RK0Po0iaTFJMLlmoQE/640?wx_fmt=png&from=appmsg	images/img_017.png
https://mmbiz.qpic.cn/sz_mmbiz_png/llFnu58nOPaCkRibjz5XlmIHoKWrCxNnv5skz2OdZKibreDibNWATzuDptdDU7qIrQFkgxVibGANXyAFsHd91ib7MxHnkBbepeIDFUsoogtE9bR0/640?wx_fmt=png&from=appmsg	images/img_018.png
https://mmbiz.qpic.cn/mmbiz_png/llFnu58nOPaIPx1JdhSnUpJs1L4h6trBC1bJS52Y7PeiaUF6kkn9icArSPvILTKndO0DicbduaicXkwxQQO9ZbV8ywNbQxn9tzORBhJtas5oKe0/640?wx_fmt=png&from=appmsg	images/img_019.png
https://mmbiz.qpic.cn/sz_mmbiz_png/llFnu58nOPa7ibKnfReTbzXYvl58TWy89H6vAys3ib39dFV6eFzGJDrH7yhCM2f7dtLYyKEwAlQdJ6KNH4VewNUpDCWt7hOpGHqES4dYgQaNU/640?wx_fmt=png&from=appmsg	images/img_020.png
https://mmbiz.qpic.cn/mmbiz_png/llFnu58nOPZcx32QNq8iciazuC22omq2ia3HNnhDGMt26icVmPL3KD2OBXjSGT3ibCcNhyg5HEI49UkVcEjdN9oXt5gBDPxvlUKx1aNzcgRHIMpk/640?wx_fmt=png&from=appmsg	images/img_021.png
https://mmbiz.qpic.cn/mmbiz_png/llFnu58nOPZZdatyl3OcxIjQesnkRCVHrcmgqaKOibic8VU4ED233c0UQuPBr5GN8gQcj7ZS8x5hVNhO9WGKmUdgU1IhWG5tlrVpGbczgCEPY/640?wx_fmt=png&from=appmsg	images/img_022.png
https://mmbiz.qpic.cn/sz_mmbiz_png/llFnu58nOPb8UyI2KnlE3fYPYJIedE31ic4oTOibCakkqqHtavTBxT2ia19aicaicYn5drgwQ7An9F8MBX6ImycuWmCmVTUrJuwRqLibcRHcjJvpo/640?wx_fmt=png&from=appmsg&quot;	images/img_023.png
https://mmbiz.qpic.cn/sz_mmbiz_png/llFnu58nOPb01VTXwjuHckCKiaZTphibOqgqzMiayXDOFsKdajaRm07vGNgXUfNibo1kSuGqNpdopyRKp5WWrSvElgyafFEBexVpibicRibuicqmAWY/640?wx_fmt=png&from=appmsg	images/img_024.png
https://mmbiz.qpic.cn/mmbiz_png/llFnu58nOPZKuNWyW5OiaGW8TdfleSkV0Nv4PTSZciabHgdqChwv5c98Cw8CVTJ59QZlGO5KRmRVusN1PqkaNGYHFNPsJUb8Ikibibt2m3nPOVg/640?wx_fmt=png&from=appmsg&quot;	images/img_025.png
https://mmbiz.qpic.cn/mmbiz_png/llFnu58nOPbryPjysCrxBxWHgSyD0qxfPTf56YEASHz0zw3iav23A6vHkXhh8kbyLEiazNticFO413nGOtibibq0XKun09uCuAdrL5Iia8CZKFDcE/640?wx_fmt=png&from=appmsg&quot;	images/img_026.png
https://mmbiz.qpic.cn/sz_mmbiz_png/llFnu58nOPZMZLcRKAibcXbGP92x7Hqangr5PWUFu2maPcGBZehMhr8ibjwMqDhoicK9XrZfibYOJz0sA3Rd6wUTrgjfuJxXVEu83vwmSykN5iaE/640?wx_fmt=png&from=appmsg	images/img_027.png
https://mmbiz.qpic.cn/mmbiz_png/llFnu58nOPZSFyJJiaNeOqC1LmzpFuskwY2DnvF1p4rAbCWe9SvdHUgaIPu3PT2vMic9X3bNVj1Z5nDPXLyN08ssdYKjFqcjRGPRic6cjqclLI/640?wx_fmt=png&from=appmsg	images/img_028.png
https://mmbiz.qpic.cn/sz_mmbiz_png/llFnu58nOPYSca89KgSTQYCrGGZjQAuLIL0IulquSRiaQSvWtUdBOALYOyicl5vxFLvHE6vhpXlHwqnlg5ejZJRWcy6Oztiam94BibFQy52RkG4/640?wx_fmt=png&from=appmsg	images/img_029.png
https://mmbiz.qpic.cn/mmbiz_png/llFnu58nOPajiaGvEJsD6Oc4TvWOlpQTsPmvEIThmSOOWRT7ALsiaCD9rI7lZvxlF4Ga42XnhRgyeytzN6pbZt79uDdFfS9af2fxt5iawbOXkQ/640?wx_fmt=png&from=appmsg	images/img_030.png
https://mmbiz.qpic.cn/mmbiz_png/llFnu58nOPZ0ejA3EibKxGoHuSIrhhWp1R9QDRW5XWP4ESzxbMCOdmK8rnGxup2xPJ1PoLWfDUc9J2ib8RxQvASvbRibjEOel3lYCfkJ2J5s4I/640?wx_fmt=png&from=appmsg&quot;	images/img_031.png
http://mmbiz.qpic.cn/sz_mmbiz_png/9v5mpBibQrkhJp0pTftnc0E9lTXcbY3GHC9A5PSqCQvibvRvjhcbPkicBpwwSibnHibGibKwEND8fp24dtlSgF83LWNA/0?wx_fmt=png	images/img_032.png
